"allocs","time_elapsed","N_dfA","N_dfB","sim_num","uniqueobsa_FIRST_NAME","uniqueobsa_FIRST_NAME1","uniqueobsa_MIDDLE_NAME","uniqueobsa_MIDDLE_NAME1","uniqueobsa_STREET_NAME","uniqueobsa_STREET_NAME1","uniqueobsb_FIRST_NAME","uniqueobsb_FIRST_NAME1","uniqueobsb_MIDDLE_NAME","uniqueobsb_MIDDLE_NAME1","uniqueobsb_STREET_NAME","uniqueobsb_STREET_NAME1","time_FIRST_NAME","time_FIRST_NAME1","time_MIDDLE_NAME","time_MIDDLE_NAME1","time_STREET_NAME","time_STREET_NAME1"
3.280123392e9,13.693497896194458,10000.0,100.0,1.0,1204.0,1204.0,2247.0,2247.0,6009.0,6009.0,54.0,54.0,49.0,49.0,76.0,76.0,0.5871648788452148,0.8367969989776611,0.6334218978881836,1.55326509475708,0.7466540336608887,0.5079309940338135
4.947232528e9,7.505352973937988,10000.0,200.0,1.0,1204.0,1204.0,2247.0,2247.0,6009.0,6009.0,76.0,76.0,86.0,86.0,158.0,158.0,0.019359111785888672,0.5516459941864014,0.03357195854187012,0.034218788146972656,0.16811299324035645,0.8470368385314941
2.0483903904e10,5.700722932815552,10000.0,500.0,1.0,1204.0,1204.0,2247.0,2247.0,6009.0,6009.0,132.0,132.0,173.0,173.0,366.0,366.0,0.2061920166015625,0.9722309112548828,0.2941570281982422,0.45786404609680176,1.4087908267974854,1.0088179111480713
4.1029842568e10,16.80856680870056,10000.0,1000.0,1.0,1204.0,1204.0,2247.0,2247.0,6009.0,6009.0,201.0,201.0,298.0,298.0,710.0,710.0,0.10366487503051758,2.1447150707244873,1.162208080291748,1.1916310787200928,3.1355249881744385,1.7991409301757812
7.6141552768e10,26.468062162399292,10000.0,2000.0,1.0,1204.0,1204.0,2247.0,2247.0,6009.0,6009.0,294.0,294.0,508.0,508.0,1260.0,1260.0,0.5798399448394775,4.4384400844573975,1.065039873123169,1.2449331283569336,5.390944004058838,2.651992082595825
1.7557405088e11,56.88152098655701,10000.0,5000.0,1.0,1204.0,1204.0,2247.0,2247.0,6009.0,6009.0,569.0,569.0,1149.0,1149.0,2569.0,2569.0,1.4824249744415283,11.301899909973145,2.204904079437256,3.3433010578155518,12.95470905303955,9.015083074569702
3.61094355512e11,115.79980397224426,10000.0,10000.0,1.0,1204.0,1204.0,2247.0,2247.0,6009.0,6009.0,900.0,900.0,2178.0,2178.0,4844.0,4844.0,0.7947039604187012,25.837323904037476,6.860728979110718,7.348973035812378,31.153676986694336,19.69862699508667
7.05929703312e11,211.53230595588684,10000.0,20000.0,1.0,1204.0,1204.0,2247.0,2247.0,6009.0,6009.0,1408.0,1408.0,3541.0,3541.0,7713.0,7713.0,1.6117851734161377,50.610339879989624,12.198137998580933,12.091246843338013,44.39586901664734,32.71300005912781
