"allocs","time_elapsed","N_dfA","N_dfB","sim_num","uniqueobsa_FIRST_NAME","uniqueobsa_FIRST_NAME1","uniqueobsa_MIDDLE_NAME","uniqueobsa_MIDDLE_NAME1","uniqueobsa_STREET_NAME","uniqueobsa_STREET_NAME1","uniqueobsb_FIRST_NAME","uniqueobsb_FIRST_NAME1","uniqueobsb_MIDDLE_NAME","uniqueobsb_MIDDLE_NAME1","uniqueobsb_STREET_NAME","uniqueobsb_STREET_NAME1","time_FIRST_NAME","time_FIRST_NAME1","time_MIDDLE_NAME","time_MIDDLE_NAME1","time_STREET_NAME","time_STREET_NAME1"
4.616895088e9,6.677211046218872,10000.0,100.0,1.0,1204.0,1204.0,2247.0,2247.0,6009.0,6009.0,54.0,54.0,49.0,49.0,76.0,76.0,0.008161067962646484,0.2337639331817627,0.012760162353515625,0.10138893127441406,0.04068493843078613,0.24126601219177246
4.949848048e9,7.091861963272095,10000.0,200.0,1.0,1204.0,1204.0,2247.0,2247.0,6009.0,6009.0,76.0,76.0,86.0,86.0,158.0,158.0,0.021563053131103516,0.4409921169281006,0.02609109878540039,0.11256885528564453,0.06923508644104004,0.6743419170379639
2.0483332936e10,4.617326021194458,10000.0,500.0,1.0,1204.0,1204.0,2247.0,2247.0,6009.0,6009.0,132.0,132.0,173.0,173.0,366.0,366.0,0.04845905303955078,0.7306158542633057,0.1388530731201172,0.697188138961792,1.3162028789520264,0.6631791591644287
4.1047003248e10,14.433804035186768,10000.0,1000.0,1.0,1204.0,1204.0,2247.0,2247.0,6009.0,6009.0,201.0,201.0,298.0,298.0,710.0,710.0,0.2675011157989502,1.2603449821472168,0.9462311267852783,0.7218730449676514,3.2080440521240234,1.4295718669891357
7.6155148776e10,24.44671106338501,10000.0,2000.0,1.0,1204.0,1204.0,2247.0,2247.0,6009.0,6009.0,294.0,294.0,508.0,508.0,1260.0,1260.0,0.14083600044250488,2.116300106048584,2.3114588260650635,0.6510841846466064,7.969947814941406,3.070338010787964
1.75658277856e11,47.291542053222656,10000.0,5000.0,1.0,1204.0,1204.0,2247.0,2247.0,6009.0,6009.0,569.0,569.0,1149.0,1149.0,2569.0,2569.0,1.3489818572998047,6.330427885055542,6.920858144760132,3.821377992630005,11.075815916061401,6.40576696395874
3.60736019104e11,90.80747604370117,10000.0,10000.0,1.0,1204.0,1204.0,2247.0,2247.0,6009.0,6009.0,900.0,900.0,2178.0,2178.0,4844.0,4844.0,0.6437540054321289,20.855478048324585,6.600561857223511,6.436399936676025,27.533162117004395,15.035200834274292
7.06118755624e11,170.87631511688232,10000.0,20000.0,1.0,1204.0,1204.0,2247.0,2247.0,6009.0,6009.0,1408.0,1408.0,3541.0,3541.0,7713.0,7713.0,3.5316689014434814,42.065459966659546,10.992216110229492,11.271030902862549,37.30153822898865,26.96807599067688
